,Market,Runner,Secs,L3S,L3P,L2S,L2P,L1S,L1P,B1P,B1S,B2P,B2S,B3P,B3S,MinExecPx,MinExecSz,MaxExecPx,MaxExecSz,BackPerc,LayPerc,BackPercSum,LayPercSum
0,1.122569356,10586424,23.763,1564.92,1.68,2573.82,1.69,966.63,1.7,1.71,439.29,1.72,668.29,1.73,1527.77,,,,,0.5847953216374269,0.5882352941176471,0.9906764653736673,1.006661684323066
1,1.122569356,9342040,23.763,1606.73,3.45,1065.29,3.5,1176.15,3.55,3.6,385.1,3.65,596.43,3.7,568.21,,,,,0.2777777777777778,0.28169014084507044,0.9906764653736673,1.006661684323066
2,1.122569356,10500771,23.763,403.24,11.0,135.65,11.5,454.91,12.0,12.5,57.21,13.0,99.67,13.5,63.62,,,,,0.08,0.08333333333333333,0.9906764653736673,1.006661684323066
3,1.122569356,9857326,23.763,51.63,34.0,73.57,36.0,61.55,38.0,40.0,14.95,42.0,135.1,44.0,48.25,,,,,0.025,0.02631578947368421,0.9906764653736673,1.006661684323066
4,1.122569356,9150589,23.763,112.31,48.0,127.56,50.0,18.21,55.0,60.0,26.95,65.0,27.03,70.0,25.57,,,,,0.016666666666666666,0.01818181818181818,0.9906764653736673,1.006661684323066
5,1.122569356,9644271,23.763,10.19,250.0,4.77,260.0,11.85,280.0,300.0,8.9,310.0,11.59,320.0,1.34,,,,,0.0033333333333333335,0.0035714285714285713,0.9906764653736673,1.006661684323066
6,1.122569356,10547981,23.763,2.1,510.0,0.05,540.0,1.11,570.0,590.0,0.03,640.0,0.04,650.0,0.07,,,,,0.001694915254237288,0.0017543859649122807,0.9906764653736673,1.006661684323066
7,1.122569356,10612424,23.763,8.84,900.0,4.86,910.0,0.54,920.0,,,,,,,,,,,,0.0010869565217391304,0.9906764653736673,1.006661684323066
8,1.122569356,10586419,23.763,1.13,650.0,3.33,660.0,1.44,670.0,710.0,2.54,770.0,1.74,790.0,1.74,,,,,0.0014084507042253522,0.0014925373134328358,0.9906764653736673,1.006661684323066
9,1.122569356,10562718,23.763,0.6,920.0,2.0,990.0,33.26,1000.0,,,,,,,,,,,,0.001,0.9906764653736673,1.006661684323066
10,1.122569356,10586424,23.452,2577.82,1.69,502.32,1.7,27.19,1.71,1.72,766.64,1.73,1407.77,1.74,1341.64,1.7,900.6399999999994,1.71,798.1200000000026,0.5813953488372093,0.5847953216374269,0.9872764925734497,1.0030985591334862
11,1.122569356,9342040,23.452,1606.73,3.45,1065.29,3.5,1172.66,3.55,3.6,376.1,3.65,596.43,3.7,568.21,3.55,22.0,3.6,18.0,0.2777777777777778,0.28169014084507044,0.9872764925734497,1.0030985591334862
12,1.122569356,10500771,23.452,403.24,11.0,142.65,11.5,454.91,12.0,12.5,17.98,13.0,99.67,13.5,63.62,12.5,74.36000000000013,12.5,74.36000000000013,0.08,0.08333333333333333,0.9872764925734497,1.0030985591334862
13,1.122569356,9857326,23.452,51.63,34.0,73.57,36.0,78.37,38.0,40.0,42.15,42.0,135.1,44.0,48.25,40.0,19.169999999999845,40.0,19.169999999999845,0.025,0.02631578947368421,0.9872764925734497,1.0030985591334862
14,1.122569356,9150589,23.452,112.31,48.0,127.56,50.0,18.21,55.0,60.0,26.95,65.0,27.03,70.0,25.57,,,,,0.016666666666666666,0.01818181818181818,0.9872764925734497,1.0030985591334862
15,1.122569356,9644271,23.452,4.77,260.0,11.78,280.0,4.22,290.0,300.0,10.9,310.0,11.59,320.0,1.34,,,,,0.0033333333333333335,0.0034482758620689655,0.9872764925734497,1.0030985591334862
16,1.122569356,10547981,23.452,2.0,520.0,0.05,540.0,1.11,570.0,590.0,0.03,640.0,0.04,650.0,0.07,,,,,0.001694915254237288,0.0017543859649122807,0.9872764925734497,1.0030985591334862
17,1.122569356,10612424,23.452,8.84,900.0,4.86,910.0,1.09,920.0,,,,,,,,,,,,0.0010869565217391304,0.9872764925734497,1.0030985591334862
18,1.122569356,10586419,23.452,1.13,650.0,3.33,660.0,1.44,670.0,710.0,2.54,770.0,1.74,790.0,1.74,,,,,0.0014084507042253522,0.0014925373134328358,0.9872764925734497,1.0030985591334862
19,1.122569356,10562718,23.452,0.6,920.0,2.0,990.0,33.26,1000.0,,,,,,,,,,,,0.001,0.9872764925734497,1.0030985591334862
20,1.122569356,10586424,22.447,1564.92,1.68,2577.82,1.69,734.34,1.7,1.71,188.36,1.72,624.96,1.73,1409.77,1.7,249.0,1.72,535.3799999999974,0.5847953216374269,0.5882352941176471,0.9906965860980134,1.0065385316137063
21,1.122569356,9342040,22.447,1606.73,3.45,1066.79,3.5,1179.81,3.55,3.6,375.95,3.65,596.43,3.7,568.21,3.55,50.700000000004366,3.55,50.700000000004366,0.2777777777777778,0.28169014084507044,0.9906965860980134,1.0065385316137063
22,1.122569356,10500771,22.447,403.24,11.0,142.65,11.5,451.91,12.0,12.5,100.3,13.0,99.67,13.5,58.62,12.0,10.0,12.5,1.3899999999998727,0.08,0.08333333333333333,0.9906965860980134,1.0065385316137063
23,1.122569356,9857326,22.447,46.63,34.0,73.57,36.0,95.72,38.0,40.0,47.09,42.0,135.1,44.0,48.25,,,,,0.025,0.02631578947368421,0.9906965860980134,1.0065385316137063
24,1.122569356,9150589,22.447,112.31,48.0,127.56,50.0,18.21,55.0,60.0,26.95,65.0,27.03,70.0,25.57,,,,,0.016666666666666666,0.01818181818181818,0.9906965860980134,1.0065385316137063
25,1.122569356,9644271,22.447,2.77,260.0,9.34,280.0,3.29,290.0,300.0,10.9,310.0,11.59,320.0,1.34,290.0,5.990000000000009,290.0,5.990000000000009,0.0033333333333333335,0.0034482758620689655,0.9906965860980134,1.0065385316137063
26,1.122569356,10547981,22.447,2.0,530.0,0.05,540.0,1.11,570.0,590.0,0.03,640.0,0.04,650.0,0.07,,,,,0.001694915254237288,0.0017543859649122807,0.9906965860980134,1.0065385316137063
27,1.122569356,10612424,22.447,8.84,900.0,4.86,910.0,1.09,920.0,,,,,,,,,,,,0.0010869565217391304,0.9906965860980134,1.0065385316137063
28,1.122569356,10586419,22.447,1.13,650.0,3.33,660.0,1.44,670.0,700.0,4.83,710.0,2.22,740.0,3.33,,,,,0.0014285714285714286,0.0014925373134328358,0.9906965860980134,1.0065385316137063
29,1.122569356,10562718,22.447,0.6,920.0,2.0,990.0,31.61,1000.0,,,,,,,1000.0,4.0,1000.0,4.0,,0.001,0.9906965860980134,1.0065385316137063
30,1.122569356,10586424,21.442,2575.82,1.69,932.34,1.7,826.08,1.71,1.72,450.15,1.73,1407.77,1.74,1344.25,1.71,428.9599999999991,1.71,428.9599999999991,0.5813953488372093,0.5847953216374269,0.9874115558265315,1.003221711842846
31,1.122569356,9342040,21.442,1554.44,3.45,1064.79,3.5,1181.32,3.55,3.6,363.43,3.65,594.43,3.7,566.21,3.55,8.0,3.6,25.049999999999272,0.2777777777777778,0.28169014084507044,0.9874115558265315,1.003221711842846
32,1.122569356,10500771,21.442,401.24,11.0,140.65,11.5,449.66,12.0,12.5,100.3,13.0,97.67,13.5,56.62,12.0,18.0,12.0,18.0,0.08,0.08333333333333333,0.9874115558265315,1.003221711842846
33,1.122569356,9857326,21.442,46.63,34.0,73.57,36.0,103.05,38.0,40.0,55.76,42.0,140.1,44.0,48.25,,,,,0.025,0.02631578947368421,0.9874115558265315,1.003221711842846
34,1.122569356,9150589,21.442,112.31,48.0,127.56,50.0,18.21,55.0,60.0,26.95,65.0,27.03,70.0,25.57,,,,,0.016666666666666666,0.01818181818181818,0.9874115558265315,1.003221711842846
35,1.122569356,9644271,21.442,10.19,250.0,2.77,260.0,9.34,280.0,290.0,0.26,300.0,10.9,310.0,5.59,290.0,11.47999999999999,290.0,11.47999999999999,0.0034482758620689655,0.0035714285714285713,0.9874115558265315,1.003221711842846
36,1.122569356,10547981,21.442,0.14,510.0,2.05,540.0,1.11,570.0,590.0,0.03,640.0,0.04,650.0,0.07,,,,,0.001694915254237288,0.0017543859649122807,0.9874115558265315,1.003221711842846
37,1.122569356,10612424,21.442,8.84,900.0,4.86,910.0,1.09,920.0,,,,,,,,,,,,0.0010869565217391304,0.9874115558265315,1.003221711842846
38,1.122569356,10586419,21.442,1.13,650.0,3.33,660.0,1.44,670.0,700.0,4.83,710.0,2.22,740.0,3.33,,,,,0.0014285714285714286,0.0014925373134328358,0.9874115558265315,1.003221711842846
39,1.122569356,10562718,21.442,0.6,920.0,2.0,990.0,31.61,1000.0,,,,,,,,,,,,0.001,0.9874115558265315,1.003221711842846
40,1.122569356,10586424,20.436,1566.92,1.68,2635.86,1.69,751.77,1.7,1.71,3.58,1.72,308.89,1.73,1407.77,1.7,617.1000000000022,1.71,1456.810000000005,0.5847953216374269,0.5882352941176471,0.9906965860980134,1.0067591502100055
41,1.122569356,9342040,20.436,1554.44,3.45,1064.79,3.5,965.22,3.55,3.6,155.27,3.65,594.43,3.7,566.21,3.55,219.65999999999622,3.6,416.33000000000175,0.2777777777777778,0.28169014084507044,0.9906965860980134,1.0067591502100055
42,1.122569356,10500771,20.436,401.24,11.0,153.35,11.5,298.9,12.0,12.5,5.07,13.0,97.67,13.5,56.62,12.0,208.88000000000056,12.5,260.99000000000024,0.08,0.08333333333333333,0.9906965860980134,1.0067591502100055
43,1.122569356,9857326,20.436,46.63,34.0,73.57,36.0,77.19,38.0,40.0,57.76,42.0,140.1,44.0,51.25,38.0,31.8599999999999,38.0,31.8599999999999,0.025,0.02631578947368421,0.9906965860980134,1.0067591502100055
44,1.122569356,9150589,20.436,112.31,48.0,127.56,50.0,2.04,55.0,60.0,26.95,65.0,27.03,70.0,25.57,55.0,18.610000000000014,55.0,18.610000000000014,0.016666666666666666,0.01818181818181818,0.9906965860980134,1.0067591502100055
45,1.122569356,9644271,20.436,10.19,250.0,2.77,260.0,5.09,280.0,300.0,3.39,310.0,5.59,320.0,1.34,280.0,6.689999999999998,290.0,1.3800000000000239,0.0033333333333333335,0.0035714285714285713,0.9906965860980134,1.0067591502100055
46,1.122569356,10547981,20.436,0.14,510.0,2.1,530.0,1.26,540.0,590.0,0.03,640.0,0.04,650.0,0.07,570.0,1.1100000000000003,570.0,1.1100000000000003,0.001694915254237288,0.001851851851851852,0.9906965860980134,1.0067591502100055
47,1.122569356,10612424,20.436,8.84,900.0,4.86,910.0,0.27,920.0,,,,,,,,,,,,0.0010869565217391304,0.9906965860980134,1.0067591502100055
48,1.122569356,10586419,20.436,6.94,640.0,1.13,650.0,0.32,670.0,700.0,4.83,710.0,2.22,740.0,3.33,,,,,0.0014285714285714286,0.0014925373134328358,0.9906965860980134,1.0067591502100055
49,1.122569356,10562718,20.436,0.6,920.0,2.0,990.0,30.86,1000.0,,,,,,,,,,,,0.001,0.9906965860980134,1.0067591502100055
50,1.122569356,10586424,19.431,1568.92,1.68,2637.86,1.69,707.36,1.7,1.71,296.67,1.72,464.14,1.73,1388.77,1.7,62.0,1.71,397.91999999999825,0.5847953216374269,0.5882352941176471,0.9876196630210904,1.003425816876672
51,1.122569356,9342040,19.431,1556.44,3.45,1066.79,3.5,949.22,3.55,3.6,232.34,3.65,596.43,3.7,568.21,3.55,40.0,3.6,5.06000000000131,0.2777777777777778,0.28169014084507044,0.9876196630210904,1.003425816876672
52,1.122569356,10500771,19.431,249.16,11.5,121.19,12.0,2.93,12.5,13.0,99.67,13.5,58.62,14.0,85.79,12.0,23.0,12.5,14.139999999999873,0.07692307692307693,0.08,0.9876196630210904,1.003425816876672
53,1.122569356,9857326,19.431,46.63,34.0,73.57,36.0,69.22,38.0,40.0,95.12,42.0,140.1,44.0,51.25,38.0,15.930000000000064,38.0,15.930000000000064,0.025,0.02631578947368421,0.9876196630210904,1.003425816876672
54,1.122569356,9150589,19.431,112.31,48.0,127.56,50.0,7.25,55.0,60.0,33.4,65.0,27.03,70.0,25.57,55.0,18.659999999999968,55.0,18.659999999999968,0.016666666666666666,0.01818181818181818,0.9876196630210904,1.003425816876672
55,1.122569356,9644271,19.431,10.19,250.0,2.77,260.0,5.09,280.0,300.0,19.99,310.0,5.59,320.0,1.34,,,,,0.0033333333333333335,0.0035714285714285713,0.9876196630210904,1.003425816876672
56,1.122569356,10547981,19.431,0.14,510.0,2.1,530.0,1.26,540.0,590.0,0.03,640.0,0.04,650.0,0.07,,,,,0.001694915254237288,0.001851851851851852,0.9876196630210904,1.003425816876672
57,1.122569356,10612424,19.431,8.84,900.0,4.86,910.0,0.27,920.0,,,,,,,,,,,,0.0010869565217391304,0.9876196630210904,1.003425816876672
58,1.122569356,10586419,19.431,6.94,640.0,1.13,650.0,0.32,670.0,700.0,0.92,710.0,2.22,740.0,3.33,700.0,7.82,700.0,7.82,0.0014285714285714286,0.0014925373134328358,0.9876196630210904,1.003425816876672
59,1.122569356,10562718,19.431,0.6,920.0,2.0,990.0,30.86,1000.0,,,,,,,,,,,,0.001,0.9876196630210904,1.003425816876672
60,1.122569356,10586424,18.426,1506.78,1.67,1568.92,1.68,2581.82,1.69,1.7,209.33,1.71,601.95,1.72,588.14,1.7,1770.9599999999991,1.71,97.40999999999622,0.5882352941176471,0.591715976331361,0.9938909186863152,1.0102517770008812
61,1.122569356,9342040,18.426,1533.44,3.45,1066.79,3.5,899.22,3.55,3.6,197.34,3.65,596.43,3.7,566.21,3.55,100.0,3.6,70.0,0.2777777777777778,0.28169014084507044,0.9938909186863152,1.0102517770008812
62,1.122569356,10500771,18.426,403.24,11.0,325.35,11.5,99.55,12.0,12.5,60.32,13.0,82.67,13.5,58.62,12.5,104.5,12.5,104.5,0.08,0.08333333333333333,0.9938909186863152,1.0102517770008812
63,1.122569356,9857326,18.426,46.63,34.0,73.57,36.0,66.22,38.0,40.0,95.11,42.0,140.1,44.0,51.25,38.0,6.0,38.0,6.0,0.025,0.02631578947368421,0.9938909186863152,1.0102517770008812
64,1.122569356,9150589,18.426,112.31,48.0,127.56,50.0,7.25,55.0,60.0,33.97,65.0,27.03,70.0,25.57,,,,,0.016666666666666666,0.01818181818181818,0.9938909186863152,1.0102517770008812
65,1.122569356,9644271,18.426,10.19,250.0,2.77,260.0,5.09,280.0,300.0,18.95,310.0,5.59,320.0,1.34,300.0,2.079999999999984,300.0,2.079999999999984,0.0033333333333333335,0.0035714285714285713,0.9938909186863152,1.0102517770008812
66,1.122569356,10547981,18.426,0.14,510.0,2.1,530.0,1.26,540.0,690.0,0.51,700.0,2.0,780.0,0.02,690.0,1.98,690.0,1.98,0.0014492753623188406,0.001851851851851852,0.9938909186863152,1.0102517770008812
67,1.122569356,10612424,18.426,0.56,890.0,8.84,900.0,2.7,910.0,,,,,,,910.0,4.33,910.0,4.33,,0.001098901098901099,0.9938909186863152,1.0102517770008812
68,1.122569356,10586419,18.426,6.94,640.0,1.13,650.0,0.32,670.0,700.0,0.92,710.0,2.22,740.0,3.33,,,,,0.0014285714285714286,0.0014925373134328358,0.9938909186863152,1.0102517770008812
69,1.122569356,10562718,18.426,0.6,920.0,2.0,990.0,30.86,1000.0,,,,,,,,,,,,0.001,0.9938909186863152,1.0102517770008812
70,1.122569356,10586424,17.422,1620.78,1.67,1568.92,1.68,1411.16,1.69,1.7,994.07,1.71,1080.11,1.72,688.14,1.7,927.489999999998,1.71,120.9800000000032,0.5882352941176471,0.591715976331361,0.9901290055993773,1.0062001529734323
71,1.122569356,9342040,17.422,1141.76,3.5,868.78,3.55,339.36,3.6,3.65,487.93,3.7,566.21,3.75,436.61,3.55,1.0999999999985448,3.6,501.90999999999985,0.273972602739726,0.2777777777777778,0.9901290055993773,1.0062001529734323
72,1.122569356,10500771,17.422,403.24,11.0,228.59,11.5,87.5,12.0,12.5,177.4,13.0,124.11,13.5,58.62,12.0,24.099999999999454,12.5,36.0300000000002,0.08,0.08333333333333333,0.9901290055993773,1.0062001529734323
73,1.122569356,9857326,17.422,46.63,34.0,73.57,36.0,66.22,38.0,40.0,95.11,42.0,140.1,44.0,51.25,,,,,0.025,0.02631578947368421,0.9901290055993773,1.0062001529734323
74,1.122569356,9150589,17.422,112.31,48.0,127.56,50.0,14.76,55.0,60.0,33.97,65.0,27.03,70.0,25.57,,,,,0.016666666666666666,0.01818181818181818,0.9901290055993773,1.0062001529734323
75,1.122569356,9644271,17.422,10.19,250.0,2.77,260.0,5.08,280.0,300.0,18.95,310.0,3.5,320.0,1.34,,,,,0.0033333333333333335,0.0035714285714285713,0.9901290055993773,1.0062001529734323
76,1.122569356,10547981,17.422,2.1,530.0,1.39,540.0,0.07,600.0,670.0,2.44,690.0,0.51,700.0,2.0,,,,,0.0014925373134328358,0.0016666666666666668,0.9901290055993773,1.0062001529734323
77,1.122569356,10612424,17.422,0.56,890.0,8.84,900.0,2.7,910.0,,,,,,,,,,,,0.001098901098901099,0.9901290055993773,1.0062001529734323
78,1.122569356,10586419,17.422,3.33,620.0,0.88,640.0,0.1,650.0,700.0,0.92,710.0,2.22,740.0,3.33,640.0,12.12,650.0,2.2600000000000002,0.0014285714285714286,0.0015384615384615385,0.9901290055993773,1.0062001529734323
79,1.122569356,10562718,17.422,0.6,920.0,2.0,990.0,30.86,1000.0,,,,,,,,,,,,0.001,0.9901290055993773,1.0062001529734323
80,1.122569356,10586424,16.416,2632.28,1.67,1715.61,1.68,1329.58,1.69,1.7,538.56,1.71,1251.4,1.72,729.04,1.69,109.63000000000011,1.7,1470.9599999999991,0.5882352941176471,0.591715976331361,0.9901290055993773,1.0060770002640727
81,1.122569356,9342040,16.416,1469.6,3.5,952.28,3.55,371.78,3.6,3.65,477.93,3.7,1166.21,3.75,472.61,3.6,45.539999999997235,3.6,45.539999999997235,0.273972602739726,0.2777777777777778,0.9901290055993773,1.0060770002640727
82,1.122569356,10500771,16.416,403.24,11.0,230.59,11.5,135.06,12.0,12.5,167.4,13.0,124.11,13.5,58.62,12.0,67.26000000000022,12.5,24.0,0.08,0.08333333333333333,0.9901290055993773,1.0060770002640727
83,1.122569356,9857326,16.416,46.63,34.0,73.57,36.0,53.77,38.0,40.0,89.42,42.0,140.1,44.0,51.25,38.0,19.25999999999999,40.0,11.379999999999882,0.025,0.02631578947368421,0.9901290055993773,1.0060770002640727
84,1.122569356,9150589,16.416,112.31,48.0,127.56,50.0,3.43,55.0,60.0,33.45,65.0,27.03,70.0,25.57,55.0,27.25999999999999,60.0,1.0400000000000773,0.016666666666666666,0.01818181818181818,0.9901290055993773,1.0060770002640727
85,1.122569356,9644271,16.416,2.77,260.0,5.08,280.0,0.11,290.0,300.0,18.95,310.0,3.5,320.0,1.34,,,,,0.0033333333333333335,0.0034482758620689655,0.9901290055993773,1.0060770002640727
86,1.122569356,10547981,16.416,2.1,530.0,1.39,540.0,0.07,600.0,670.0,2.44,690.0,0.51,700.0,2.0,,,,,0.0014925373134328358,0.0016666666666666668,0.9901290055993773,1.0060770002640727
87,1.122569356,10612424,16.416,0.56,890.0,8.84,900.0,2.7,910.0,,,,,,,,,,,,0.001098901098901099,0.9901290055993773,1.0060770002640727
88,1.122569356,10586419,16.416,3.33,620.0,0.88,640.0,0.1,650.0,700.0,0.92,710.0,2.22,740.0,3.33,,,,,0.0014285714285714286,0.0015384615384615385,0.9901290055993773,1.0060770002640727
89,1.122569356,10562718,16.416,0.6,920.0,2.0,990.0,30.86,1000.0,,,,,,,,,,,,0.001,0.9901290055993773,1.0060770002640727
90,1.122569356,10586424,15.411,1113.63,1.65,1025.44,1.66,922.41,1.67,1.68,638.08,1.69,934.42,1.71,671.63,1.67,1157.5,1.72,138.58000000000175,0.5952380952380952,0.5988023952095809,0.9990990021619002,1.0169731107555822
91,1.122569356,9342040,15.411,1388.6,3.5,1022.78,3.55,189.07,3.6,3.65,356.86,3.7,1168.21,3.75,414.2,3.55,847.8400000000038,3.65,365.75,0.273972602739726,0.2777777777777778,0.9990990021619002,1.0169731107555822
92,1.122569356,10500771,15.411,352.98,10.5,403.24,11.0,172.68,11.5,12.0,19.13,12.5,198.68,13.0,124.14,11.5,37.73999999999978,12.5,1.75,0.08333333333333333,0.08695652173913043,0.9990990021619002,1.0169731107555822
93,1.122569356,9857326,15.411,46.63,34.0,81.07,36.0,59.12,38.0,40.0,22.5,42.0,140.1,44.0,51.4,38.0,18.410000000000082,40.0,72.00999999999999,0.025,0.02631578947368421,0.9990990021619002,1.0169731107555822
94,1.122569356,9150589,15.411,110.25,48.0,127.56,50.0,19.02,55.0,65.0,27.03,70.0,25.57,75.0,7.5,55.0,2.6700000000000728,60.0,48.57999999999993,0.015384615384615385,0.01818181818181818,0.9990990021619002,1.0169731107555822
95,1.122569356,9644271,15.411,6.19,250.0,2.77,260.0,5.38,280.0,300.0,8.21,310.0,3.5,320.0,1.34,280.0,2.2299999999999898,300.0,11.900000000000006,0.0033333333333333335,0.0035714285714285713,0.9990990021619002,1.0169731107555822
96,1.122569356,10547981,15.411,0.14,510.0,2.94,530.0,1.21,540.0,700.0,1.16,780.0,0.02,800.0,0.75,650.0,5.909999999999999,670.0,2.45,0.0014285714285714286,0.001851851851851852,0.9990990021619002,1.0169731107555822
97,1.122569356,10612424,15.411,8.84,900.0,3.04,910.0,1.93,920.0,,,,,,,,,,,,0.0010869565217391304,0.9990990021619002,1.0169731107555822
98,1.122569356,10586419,15.411,0.77,640.0,9.51,660.0,0.3,700.0,710.0,1.97,740.0,3.33,800.0,2.0,690.0,2.9699999999999998,690.0,2.9699999999999998,0.0014084507042253522,0.0014285714285714286,0.9990990021619002,1.0169731107555822
99,1.122569356,10562718,15.411,0.6,920.0,2.0,990.0,32.95,1000.0,,,,,,,,,,,,0.001,0.9990990021619002,1.0169731107555822
100,1.122569356,10586424,14.246,1113.63,1.65,1325.14,1.66,952.35,1.67,1.68,184.37,1.69,934.42,1.7,1000.65,1.68,1084.7999999999993,1.68,1084.7999999999993,0.5952380952380952,0.5988023952095809,0.9957656688285668,1.0116141522383344
101,1.122569356,9342040,14.246,1388.6,3.5,1022.78,3.55,511.32,3.6,3.65,340.38,3.7,1168.21,3.75,414.23,3.6,1.0600000000013097,3.6,1.0600000000013097,0.273972602739726,0.2777777777777778,0.9957656688285668,1.0116141522383344
102,1.122569356,10500771,14.246,403.24,11.0,224.64,11.5,47.11,12.0,12.5,200.68,13.0,124.14,13.5,58.62,12.0,83.39999999999964,12.0,83.39999999999964,0.08,0.08333333333333333,0.9957656688285668,1.0116141522383344
103,1.122569356,9857326,14.246,46.63,34.0,81.07,36.0,59.12,38.0,40.0,0.23,42.0,140.1,44.0,51.4,40.0,44.56000000000017,40.0,44.56000000000017,0.025,0.02631578947368421,0.9957656688285668,1.0116141522383344
104,1.122569356,9150589,14.246,127.56,50.0,29.25,55.0,14.85,60.0,65.0,27.03,70.0,25.57,75.0,7.5,,,,,0.015384615384615385,0.016666666666666666,0.9957656688285668,1.0116141522383344
105,1.122569356,9644271,14.246,2.77,260.0,5.38,280.0,2.35,290.0,300.0,8.21,310.0,3.5,320.0,3.34,,,,,0.0033333333333333335,0.0034482758620689655,0.9957656688285668,1.0116141522383344
106,1.122569356,10547981,14.246,2.94,530.0,3.21,540.0,3.18,570.0,700.0,1.16,780.0,0.02,800.0,0.75,,,,,0.0014285714285714286,0.0017543859649122807,0.9957656688285668,1.0116141522383344
107,1.122569356,10612424,14.246,8.84,900.0,3.04,910.0,1.93,920.0,,,,,,,,,,,,0.0010869565217391304,0.9957656688285668,1.0116141522383344
108,1.122569356,10586419,14.246,0.77,640.0,9.51,660.0,0.3,700.0,710.0,1.97,740.0,3.33,800.0,2.0,,,,,0.0014084507042253522,0.0014285714285714286,0.9957656688285668,1.0116141522383344
109,1.122569356,10562718,14.246,0.6,920.0,2.0,990.0,32.95,1000.0,,,,,,,,,,,,0.001,0.9957656688285668,1.0116141522383344
110,1.122569356,10586424,13.242,991.62,1.65,1360.14,1.66,931.82,1.67,1.68,63.69,1.69,875.05,1.7,1205.5,1.67,4.0,1.69,325.84000000000015,0.5952380952380952,0.5988023952095809,0.9957656688285668,1.0117126769020766
111,1.122569356,9342040,13.242,1441.14,3.5,1045.3,3.55,615.48,3.6,3.65,658.11,3.7,1132.21,3.75,414.23,3.6,274.3199999999997,3.6,274.3199999999997,0.273972602739726,0.2777777777777778,0.9957656688285668,1.0117126769020766
112,1.122569356,10500771,13.242,403.24,11.0,395.46,11.5,210.67,12.0,12.5,161.17,13.0,124.14,13.5,58.62,12.0,43.100000000000364,12.0,43.100000000000364,0.08,0.08333333333333333,0.9957656688285668,1.0117126769020766
113,1.122569356,9857326,13.242,46.63,34.0,81.07,36.0,77.79,38.0,40.0,0.23,42.0,128.84,44.0,43.5,,,,,0.025,0.02631578947368421,0.9957656688285668,1.0117126769020766
114,1.122569356,9150589,13.242,143.89,50.0,37.1,55.0,0.59,60.0,65.0,27.03,70.0,25.57,75.0,7.5,60.0,28.519999999999982,60.0,28.519999999999982,0.015384615384615385,0.016666666666666666,0.9957656688285668,1.0117126769020766
115,1.122569356,9644271,13.242,2.77,260.0,5.56,280.0,2.35,290.0,300.0,7.51,310.0,3.5,320.0,3.34,300.0,1.4000000000000057,300.0,1.4000000000000057,0.0033333333333333335,0.0034482758620689655,0.9957656688285668,1.0117126769020766
116,1.122569356,10547981,13.242,4.31,530.0,1.21,540.0,3.21,570.0,700.0,0.94,780.0,0.02,800.0,0.75,,,,,0.0014285714285714286,0.0017543859649122807,0.9957656688285668,1.0117126769020766
117,1.122569356,10612424,13.242,0.56,890.0,8.84,900.0,4.07,910.0,,,,,,,,,,,,0.001098901098901099,0.9957656688285668,1.0117126769020766
118,1.122569356,10586419,13.242,4.05,620.0,0.77,640.0,10.62,660.0,710.0,1.69,740.0,3.33,800.0,2.0,,,,,0.0014084507042253522,0.0015151515151515152,0.9957656688285668,1.0117126769020766
119,1.122569356,10562718,13.242,0.6,920.0,2.0,990.0,33.89,1000.0,,,,,,,,,,,,0.001,0.9957656688285668,1.0117126769020766
120,1.122569356,10586424,12.237,991.62,1.65,1364.14,1.66,1975.7,1.67,1.68,14.21,1.69,945.85,1.7,1207.5,1.67,16.0,1.68,98.95999999999913,0.5952380952380952,0.5988023952095809,0.9954261911019923,1.0110321752406184
121,1.122569356,9342040,12.237,1446.07,3.5,1132.3,3.55,636.54,3.6,3.65,636.07,3.7,1108.44,3.75,414.23,3.6,5.6599999999998545,3.65,44.07999999999993,0.273972602739726,0.2777777777777778,0.9954261911019923,1.0110321752406184
122,1.122569356,10500771,12.237,403.24,11.0,395.46,11.5,286.0,12.0,12.5,161.16,13.0,124.14,13.5,58.62,12.0,9.680000000000291,12.0,9.680000000000291,0.08,0.08333333333333333,0.9954261911019923,1.0110321752406184
123,1.122569356,9857326,12.237,81.07,36.0,77.79,38.0,1.38,40.0,42.0,128.84,44.0,43.5,46.0,12.11,,,,,0.023809523809523808,0.025,0.9954261911019923,1.0110321752406184
124,1.122569356,9150589,12.237,143.89,50.0,40.1,55.0,0.59,60.0,65.0,27.03,70.0,25.57,75.0,7.5,,,,,0.015384615384615385,0.016666666666666666,0.9954261911019923,1.0110321752406184
125,1.122569356,9644271,12.237,2.28,220.0,2.26,230.0,3.75,240.0,250.0,52.12,300.0,5.51,310.0,3.5,250.0,6.390000000000001,300.0,4.0,0.004,0.004166666666666667,0.9954261911019923,1.0110321752406184
126,1.122569356,10547981,12.237,0.12,540.0,5.31,570.0,2.64,590.0,620.0,0.14,650.0,2.0,700.0,0.94,,,,,0.0016129032258064516,0.001694915254237288,0.9954261911019923,1.0110321752406184
127,1.122569356,10612424,12.237,8.84,900.0,4.07,910.0,1.91,930.0,,,,,,,,,,,,0.001075268817204301,0.9954261911019923,1.0110321752406184
128,1.122569356,10586419,12.237,4.05,620.0,0.77,640.0,10.62,660.0,710.0,1.39,740.0,3.33,780.0,1.5,,,,,0.0014084507042253522,0.0015151515151515152,0.9954261911019923,1.0110321752406184
129,1.122569356,10562718,12.237,0.6,920.0,2.0,990.0,33.89,1000.0,,,,,,,,,,,,0.001,0.9954261911019923,1.0110321752406184
130,1.122569356,10586424,11.233,1384.14,1.66,2532.84,1.67,331.54,1.68,1.69,765.6,1.7,1347.5,1.71,860.32,1.67,91.42000000000007,1.69,362.4400000000005,0.591715976331361,0.5952380952380952,0.9932928242882354,1.008990687651592
131,1.122569356,9342040,11.233,1446.07,3.5,1105.22,3.55,893.94,3.6,3.65,620.48,3.7,1108.44,3.75,414.23,3.6,115.65999999999985,3.65,40.01000000000022,0.273972602739726,0.2777777777777778,0.9932928242882354,1.008990687651592
132,1.122569356,10500771,11.233,338.24,11.0,347.85,11.5,274.56,12.0,12.5,156.25,13.0,124.14,13.5,152.44,12.0,22.88000000000011,12.5,9.809999999999945,0.08,0.08333333333333333,0.9932928242882354,1.008990687651592
133,1.122569356,9857326,11.233,81.07,36.0,79.11,38.0,17.71,40.0,42.0,128.84,44.0,43.5,46.0,12.11,40.0,2.0399999999999636,40.0,2.0399999999999636,0.023809523809523808,0.025,0.9932928242882354,1.008990687651592
134,1.122569356,9150589,11.233,115.25,48.0,143.89,50.0,41.01,55.0,60.0,9.41,65.0,27.03,70.0,25.57,60.0,1.1800000000000637,60.0,1.1800000000000637,0.016666666666666666,0.01818181818181818,0.9932928242882354,1.008990687651592
135,1.122569356,9644271,11.233,2.28,220.0,2.26,230.0,3.96,240.0,250.0,50.75,270.0,0.93,300.0,5.51,250.0,2.739999999999995,250.0,2.739999999999995,0.004,0.004166666666666667,0.9932928242882354,1.008990687651592
136,1.122569356,10547981,11.233,3.27,570.0,4.74,590.0,2.76,600.0,620.0,0.14,650.0,2.0,700.0,0.94,,,,,0.0016129032258064516,0.0016666666666666668,0.9932928242882354,1.008990687651592
137,1.122569356,10612424,11.233,8.84,900.0,4.12,910.0,1.89,940.0,,,,,,,,,,,,0.0010638297872340426,0.9932928242882354,1.008990687651592
138,1.122569356,10586419,11.233,3.33,580.0,4.05,620.0,0.77,640.0,660.0,0.3,710.0,1.51,740.0,3.33,660.0,21.4,660.0,21.4,0.0015151515151515152,0.0015625,0.9932928242882354,1.008990687651592
139,1.122569356,10562718,11.233,0.6,920.0,2.0,990.0,33.94,1000.0,,,,,,,,,,,,0.001,0.9932928242882354,1.008990687651592
140,1.122569356,10586424,10.228,991.62,1.65,1344.02,1.66,2296.67,1.67,1.68,7.12,1.69,586.36,1.7,1323.5,1.67,709.4000000000015,1.69,364.6800000000003,0.5952380952380952,0.5988023952095809,0.9965043487714721,1.012821621580841
141,1.122569356,9342040,10.228,1446.07,3.5,1177.22,3.55,890.94,3.6,3.65,551.78,3.7,1112.44,3.75,424.23,3.6,12.0,3.65,436.7599999999993,0.273972602739726,0.2777777777777778,0.9965043487714721,1.012821621580841
142,1.122569356,10500771,10.228,338.24,11.0,254.03,11.5,322.0,12.0,12.5,151.26,13.0,124.14,13.5,152.44,12.0,92.75,12.5,10.0,0.08,0.08333333333333333,0.9965043487714721,1.012821621580841
143,1.122569356,9857326,10.228,81.07,36.0,91.11,38.0,29.71,40.0,42.0,128.78,44.0,43.5,46.0,12.11,,,,,0.023809523809523808,0.025,0.9965043487714721,1.012821621580841
144,1.122569356,9150589,10.228,115.25,48.0,108.89,50.0,68.51,55.0,60.0,24.42,65.0,27.03,70.0,25.57,55.0,15.0,55.0,15.0,0.016666666666666666,0.01818181818181818,0.9965043487714721,1.012821621580841
145,1.122569356,9644271,10.228,1.5,190.0,2.28,220.0,0.13,230.0,250.0,48.55,270.0,0.93,300.0,7.51,230.0,4.2700000000000005,250.0,4.400000000000006,0.004,0.004347826086956522,0.9965043487714721,1.012821621580841
146,1.122569356,10547981,10.228,3.27,570.0,4.74,590.0,0.11,600.0,700.0,0.94,780.0,0.02,800.0,0.75,600.0,5.32,650.0,4.000000000000001,0.0014285714285714286,0.0016666666666666668,0.9965043487714721,1.012821621580841
147,1.122569356,10612424,10.228,0.56,890.0,8.84,900.0,4.12,910.0,,,,,,,,,,,,0.001098901098901099,0.9965043487714721,1.012821621580841
148,1.122569356,10586419,10.228,8.0,570.0,3.33,580.0,2.62,620.0,720.0,5.0,740.0,3.33,780.0,1.5,640.0,1.5399999999999991,710.0,3.019999999999996,0.001388888888888889,0.0016129032258064516,0.9965043487714721,1.012821621580841
149,1.122569356,10562718,10.228,0.6,920.0,2.0,990.0,33.94,1000.0,,,,,,,,,,,,0.001,0.9965043487714721,1.012821621580841
150,1.122569356,10586424,9.224,1344.02,1.66,2187.05,1.67,1891.63,1.68,1.69,548.99,1.7,1434.5,1.71,877.92,1.68,175.38999999999942,1.69,682.039999999999,0.591715976331361,0.5952380952380952,0.9930219124044204,1.0092180546278218
151,1.122569356,9342040,9.224,1423.56,3.5,1177.22,3.55,659.51,3.6,3.65,664.28,3.7,1092.44,3.75,434.23,3.6,462.8600000000006,3.6,462.8600000000006,0.273972602739726,0.2777777777777778,0.9930219124044204,1.0092180546278218
152,1.122569356,10500771,9.224,338.24,11.0,263.08,11.5,317.0,12.0,12.5,146.39,13.0,124.14,13.5,152.44,12.0,20.0,12.5,9.739999999999782,0.08,0.08333333333333333,0.9930219124044204,1.0092180546278218
153,1.122569356,9857326,9.224,81.07,36.0,91.11,38.0,27.72,40.0,42.0,128.77,44.0,43.5,46.0,12.11,40.0,4.0,40.0,4.0,0.023809523809523808,0.025,0.9930219124044204,1.0092180546278218
154,1.122569356,9150589,9.224,115.25,48.0,108.89,50.0,63.94,55.0,60.0,37.92,65.0,27.03,70.0,25.57,55.0,9.139999999999986,55.0,9.139999999999986,0.016666666666666666,0.01818181818181818,0.9930219124044204,1.0092180546278218
155,1.122569356,9644271,9.224,6.79,190.0,2.28,220.0,0.13,230.0,250.0,48.55,260.0,2.0,270.0,0.93,,,,,0.004,0.004347826086956522,0.9930219124044204,1.0092180546278218
156,1.122569356,10547981,9.224,2.1,590.0,0.11,600.0,2.64,610.0,700.0,0.94,780.0,0.02,800.0,0.75,,,,,0.0014285714285714286,0.001639344262295082,0.9930219124044204,1.0092180546278218
157,1.122569356,10612424,9.224,8.84,900.0,3.47,910.0,1.35,920.0,,,,,,,,,,,,0.0010869565217391304,0.9930219124044204,1.0092180546278218
158,1.122569356,10586419,9.224,8.0,570.0,3.33,580.0,2.62,620.0,700.0,3.33,720.0,2.36,740.0,3.33,720.0,5.279999999999998,720.0,5.279999999999998,0.0014285714285714286,0.0016129032258064516,0.9930219124044204,1.0092180546278218
159,1.122569356,10562718,9.224,0.6,920.0,2.0,990.0,33.94,1000.0,,,,,,,,,,,,0.001,0.9930219124044204,1.0092180546278218
160,1.122569356,10586424,8.219,1244.02,1.66,2187.05,1.67,1878.18,1.68,1.69,196.66,1.7,1597.5,1.71,749.92,1.68,32.900000000001455,1.69,771.880000000001,0.591715976331361,0.5952380952380952,0.9932984691809771,1.0092878064753665
161,1.122569356,9342040,8.219,1423.56,3.5,1177.22,3.55,360.3,3.6,3.65,663.05,3.7,1088.52,3.75,434.23,3.6,681.2099999999991,3.65,17.479999999999563,0.273972602739726,0.2777777777777778,0.9932984691809771,1.0092878064753665
162,1.122569356,10500771,8.219,338.24,11.0,263.08,11.5,305.01,12.0,12.5,186.95,13.0,124.14,13.5,152.44,12.0,24.0,12.5,5.579999999999927,0.08,0.08333333333333333,0.9932984691809771,1.0092878064753665
163,1.122569356,9857326,8.219,81.07,36.0,91.11,38.0,27.72,40.0,42.0,123.77,44.0,50.64,46.0,12.11,,,,,0.023809523809523808,0.025,0.9932984691809771,1.0092878064753665
164,1.122569356,9150589,8.219,115.25,48.0,108.89,50.0,58.17,55.0,60.0,38.09,65.0,27.03,70.0,25.57,55.0,5.559999999999945,55.0,5.559999999999945,0.016666666666666666,0.01818181818181818,0.9932984691809771,1.0092878064753665
165,1.122569356,9644271,8.219,6.79,190.0,2.28,220.0,0.13,230.0,240.0,3.32,250.0,48.59,260.0,2.0,240.0,8.36,240.0,8.36,0.004166666666666667,0.004347826086956522,0.9932984691809771,1.0092878064753665
166,1.122569356,10547981,8.219,0.12,540.0,2.0,550.0,0.83,570.0,650.0,0.02,700.0,0.94,780.0,0.02,570.0,4.879999999999999,610.0,9.49,0.0015384615384615385,0.0017543859649122807,0.9932984691809771,1.0092878064753665
167,1.122569356,10612424,8.219,3.47,910.0,1.35,920.0,1.85,960.0,,,,,,,,,,,,0.0010416666666666667,0.9932984691809771,1.0092878064753665
168,1.122569356,10586419,8.219,8.0,570.0,3.33,580.0,2.62,620.0,700.0,3.33,720.0,2.36,740.0,3.34,,,,,0.0014285714285714286,0.0016129032258064516,0.9932984691809771,1.0092878064753665
169,1.122569356,10562718,8.219,0.6,920.0,2.0,990.0,33.94,1000.0,,,,,,,,,,,,0.001,0.9932984691809771,1.0092878064753665
170,1.122569356,10586424,7.215,1895.87,1.68,1305.87,1.69,398.51,1.7,1.71,768.25,1.72,628.41,1.73,1451.84,1.69,488.97999999999956,1.7,3278.019999999997,0.5847953216374269,0.5882352941176471,0.9862111478203763,1.002274266523303
171,1.122569356,9342040,7.215,1371.02,3.5,1178.72,3.55,0.64,3.6,3.65,663.05,3.7,1092.52,3.75,434.23,3.6,773.4900000000016,3.6,773.4900000000016,0.273972602739726,0.2777777777777778,0.9862111478203763,1.002274266523303
172,1.122569356,10500771,7.215,343.19,11.0,263.08,11.5,329.41,12.0,12.5,386.95,13.0,124.14,13.5,148.44,12.0,5.6299999999992,12.0,5.6299999999992,0.08,0.08333333333333333,0.9862111478203763,1.002274266523303
173,1.122569356,9857326,7.215,81.07,36.0,91.11,38.0,25.72,40.0,42.0,142.96,44.0,45.05,46.0,18.65,40.0,4.0,40.0,4.0,0.023809523809523808,0.025,0.9862111478203763,1.002274266523303
174,1.122569356,9150589,7.215,115.25,48.0,108.89,50.0,50.1,55.0,60.0,38.08,65.0,27.03,70.0,25.57,55.0,16.280000000000086,55.0,16.280000000000086,0.016666666666666666,0.01818181818181818,0.9862111478203763,1.002274266523303
175,1.122569356,9644271,7.215,6.79,190.0,2.28,220.0,0.13,230.0,250.0,48.54,260.0,2.0,270.0,0.93,240.0,6.640000000000001,240.0,6.640000000000001,0.004,0.004347826086956522,0.9862111478203763,1.002274266523303
176,1.122569356,10547981,7.215,0.12,540.0,1.6,560.0,0.83,570.0,650.0,0.02,700.0,0.94,760.0,1.5,,,,,0.0015384615384615385,0.0017543859649122807,0.9862111478203763,1.002274266523303
177,1.122569356,10612424,7.215,3.47,910.0,1.35,920.0,1.83,970.0,,,,,,,,,,,,0.0010309278350515464,0.9862111478203763,1.002274266523303
178,1.122569356,10586419,7.215,19.0,570.0,3.33,580.0,0.72,620.0,700.0,3.33,720.0,2.36,740.0,3.34,,,,,0.0014285714285714286,0.0016129032258064516,0.9862111478203763,1.002274266523303
179,1.122569356,10562718,7.215,0.6,920.0,2.0,990.0,33.94,1000.0,,,,,,,,,,,,0.001,0.9862111478203763,1.002274266523303
180,1.122569356,10586424,6.212,2753.87,1.68,1409.46,1.69,708.62,1.7,1.72,703.9,1.73,1580.84,1.74,780.26,1.7,1081.050000000003,1.72,113.0199999999968,0.5813953488372093,0.5882352941176471,0.9868037206586247,1.0062426582772834
181,1.122569356,9342040,6.212,1445.33,3.45,1371.02,3.5,842.88,3.55,3.6,106.17,3.65,700.02,3.7,1123.09,3.55,531.4000000000015,3.6,536.1599999999999,0.2777777777777778,0.28169014084507044,0.9868037206586247,1.0062426582772834
182,1.122569356,10500771,6.212,361.25,11.0,263.08,11.5,295.42,12.0,12.5,351.51,13.0,132.14,13.5,148.44,12.0,68.74000000000069,12.5,4.890000000000327,0.08,0.08333333333333333,0.9868037206586247,1.0062426582772834
183,1.122569356,9857326,6.212,81.07,36.0,100.23,38.0,25.47,40.0,42.0,150.2,44.0,45.05,46.0,24.84,,,,,0.023809523809523808,0.025,0.9868037206586247,1.0062426582772834
184,1.122569356,9150589,6.212,115.25,48.0,108.89,50.0,44.8,55.0,60.0,63.08,65.0,27.03,70.0,25.57,55.0,10.599999999999909,55.0,10.599999999999909,0.016666666666666666,0.01818181818181818,0.9868037206586247,1.0062426582772834
185,1.122569356,9644271,6.212,7.5,200.0,5.28,220.0,0.13,230.0,240.0,7.5,250.0,48.54,260.0,2.0,,,,,0.004166666666666667,0.004347826086956522,0.9868037206586247,1.0062426582772834
186,1.122569356,10547981,6.212,1.37,530.0,2.4,560.0,0.83,570.0,650.0,0.02,700.0,0.94,750.0,9.02,,,,,0.0015384615384615385,0.0017543859649122807,0.9868037206586247,1.0062426582772834
187,1.122569356,10612424,6.212,8.84,900.0,3.47,910.0,1.35,920.0,,,,,,,,,,,,0.0010869565217391304,0.9868037206586247,1.0062426582772834
188,1.122569356,10586419,6.212,19.0,570.0,3.33,580.0,0.72,620.0,690.0,2.97,700.0,3.33,720.0,2.36,,,,,0.0014492753623188406,0.0016129032258064516,0.9868037206586247,1.0062426582772834
189,1.122569356,10562718,6.212,0.6,920.0,2.0,990.0,33.94,1000.0,,,,,,,,,,,,0.001,0.9868037206586247,1.0062426582772834
190,1.122569356,10586424,5.208,2944.12,1.68,1543.21,1.69,1936.03,1.7,1.72,374.1,1.73,1580.84,1.74,835.99,1.7,56.18000000000029,1.72,709.3199999999997,0.5813953488372093,0.5882352941176471,0.9828886555106828,1.002263746851517
191,1.122569356,9342040,5.208,1375.02,3.5,666.11,3.55,9.27,3.6,3.65,704.02,3.7,1123.09,3.75,439.09,3.55,447.57999999999447,3.6,431.630000000001,0.273972602739726,0.2777777777777778,0.9828886555106828,1.002263746851517
192,1.122569356,10500771,5.208,361.25,11.0,256.08,11.5,201.6,12.0,12.5,344.51,13.0,132.14,13.5,148.44,12.5,14.0,12.5,14.0,0.08,0.08333333333333333,0.9828886555106828,1.002263746851517
193,1.122569356,9857326,5.208,81.07,36.0,100.23,38.0,23.47,40.0,42.0,155.92,44.0,45.05,46.0,24.84,40.0,4.0,42.0,1.0399999999999636,0.023809523809523808,0.025,0.9828886555106828,1.002263746851517
194,1.122569356,9150589,5.208,110.25,48.0,108.89,50.0,42.34,55.0,60.0,62.72,65.0,27.03,70.0,25.57,55.0,4.940000000000055,55.0,4.940000000000055,0.016666666666666666,0.01818181818181818,0.9828886555106828,1.002263746851517
195,1.122569356,9644271,5.208,7.5,200.0,5.28,220.0,0.13,230.0,240.0,7.41,250.0,48.54,260.0,2.0,,,,,0.004166666666666667,0.004347826086956522,0.9828886555106828,1.002263746851517
196,1.122569356,10547981,5.208,1.37,530.0,3.21,560.0,0.83,570.0,700.0,0.93,750.0,14.02,760.0,1.5,,,,,0.0014285714285714286,0.0017543859649122807,0.9828886555106828,1.002263746851517
197,1.122569356,10612424,5.208,3.47,910.0,1.35,920.0,1.81,980.0,,,,,,,,,,,,0.0010204081632653062,0.9828886555106828,1.002263746851517
198,1.122569356,10586419,5.208,19.0,570.0,3.33,580.0,0.72,620.0,690.0,2.94,700.0,3.33,720.0,2.36,,,,,0.0014492753623188406,0.0016129032258064516,0.9828886555106828,1.002263746851517
199,1.122569356,10562718,5.208,0.6,920.0,2.0,990.0,33.94,1000.0,,,,,,,,,,,,0.001,0.9828886555106828,1.002263746851517
200,1.122569356,10586424,4.202,1582.83,1.69,2276.27,1.7,914.31,1.71,1.72,371.81,1.73,1580.84,1.74,835.99,1.7,14.239999999997963,1.72,1564.300000000003,0.5813953488372093,0.5847953216374269,0.9829093594444303,1.0029081642585824
201,1.122569356,9342040,4.202,1440.83,3.45,1375.02,3.5,383.09,3.55,3.65,704.02,3.7,1112.89,3.75,424.03,3.55,566.0400000000009,3.6,318.97999999999956,0.273972602739726,0.28169014084507044,0.9829093594444303,1.0029081642585824
202,1.122569356,10500771,4.202,361.25,11.0,349.89,11.5,121.5,12.0,12.5,346.5,13.0,132.14,13.5,148.44,12.0,29.30999999999949,12.0,29.30999999999949,0.08,0.08333333333333333,0.9829093594444303,1.0029081642585824
203,1.122569356,9857326,4.202,81.07,36.0,100.23,38.0,16.83,40.0,42.0,118.28,44.0,57.89,46.0,24.84,40.0,6.639999999999873,40.0,6.639999999999873,0.023809523809523808,0.025,0.9829093594444303,1.0029081642585824
204,1.122569356,9150589,4.202,110.25,48.0,108.89,50.0,32.25,55.0,60.0,62.64,65.0,27.03,70.0,25.57,55.0,15.360000000000014,55.0,15.360000000000014,0.016666666666666666,0.01818181818181818,0.9829093594444303,1.0029081642585824
205,1.122569356,9644271,4.202,6.79,190.0,7.5,200.0,4.2,220.0,240.0,3.21,250.0,48.54,270.0,0.93,220.0,1.08,240.0,8.409999999999997,0.004166666666666667,0.004545454545454545,0.9829093594444303,1.0029081642585824
206,1.122569356,10547981,4.202,1.37,530.0,3.21,560.0,0.35,570.0,690.0,2.47,700.0,0.93,720.0,1.5,,,,,0.0014492753623188406,0.0017543859649122807,0.9829093594444303,1.0029081642585824
207,1.122569356,10612424,4.202,3.47,910.0,1.35,920.0,1.54,980.0,,,,,,,,,,,,0.0010204081632653062,0.9829093594444303,1.0029081642585824
208,1.122569356,10586419,4.202,0.15,590.0,0.67,620.0,7.13,630.0,690.0,2.94,700.0,3.33,720.0,2.36,,,,,0.0014492753623188406,0.0015873015873015873,0.9829093594444303,1.0029081642585824
209,1.122569356,10562718,4.202,0.6,920.0,2.0,990.0,33.68,1000.0,,,,,,,,,,,,0.001,0.9829093594444303,1.0029081642585824
210,1.122569356,10586424,3.197,1602.31,1.69,2280.27,1.7,958.31,1.71,1.72,722.72,1.73,1687.8,1.74,947.99,1.71,1055.2900000000081,1.72,13.12000000000262,0.5813953488372093,0.5847953216374269,0.9867358473554573,1.0027105358000845
211,1.122569356,9342040,3.197,1373.83,3.45,1394.95,3.5,385.09,3.55,3.6,386.28,3.65,703.67,3.7,1112.89,3.55,4.0,3.6,186.71999999999753,0.2777777777777778,0.28169014084507044,0.9867358473554573,1.0027105358000845
212,1.122569356,10500771,3.197,361.25,11.0,349.89,11.5,121.5,12.0,12.5,346.5,13.0,132.14,13.5,148.44,,,,,0.08,0.08333333333333333,0.9867358473554573,1.0027105358000845
213,1.122569356,9857326,3.197,81.07,36.0,97.05,38.0,14.06,40.0,42.0,123.28,44.0,57.89,46.0,24.84,40.0,5.559999999999945,40.0,5.559999999999945,0.023809523809523808,0.025,0.9867358473554573,1.0027105358000845
214,1.122569356,9150589,3.197,110.25,48.0,108.89,50.0,30.25,55.0,60.0,86.34,65.0,27.03,70.0,25.57,55.0,4.0,55.0,4.0,0.016666666666666666,0.01818181818181818,0.9867358473554573,1.0027105358000845
215,1.122569356,9644271,3.197,9.73,200.0,1.2,220.0,2.0,230.0,240.0,3.21,250.0,48.54,270.0,0.93,,,,,0.004166666666666667,0.004347826086956522,0.9867358473554573,1.0027105358000845
216,1.122569356,10547981,3.197,1.37,530.0,3.21,560.0,0.35,570.0,690.0,2.47,700.0,0.93,720.0,1.5,,,,,0.0014492753623188406,0.0017543859649122807,0.9867358473554573,1.0027105358000845
217,1.122569356,10612424,3.197,3.47,910.0,1.35,920.0,1.54,980.0,,,,,,,,,,,,0.0010204081632653062,0.9867358473554573,1.0027105358000845
218,1.122569356,10586419,3.197,0.15,590.0,0.67,620.0,7.13,630.0,680.0,1.74,690.0,2.94,700.0,3.33,,,,,0.0014705882352941176,0.0015873015873015873,0.9867358473554573,1.0027105358000845
219,1.122569356,10562718,3.197,0.6,920.0,2.0,990.0,33.68,1000.0,,,,,,,,,,,,0.001,0.9867358473554573,1.0027105358000845
220,1.122569356,10586424,2.193,1619.22,1.69,2068.68,1.7,855.87,1.71,1.72,852.05,1.73,1687.8,1.74,947.99,1.71,319.91999999999825,1.72,2.099999999998545,0.5813953488372093,0.5847953216374269,0.9869383196487224,1.0029081642585824
221,1.122569356,9342040,2.193,1373.83,3.45,1390.02,3.5,635.04,3.55,3.6,435.6,3.65,713.67,3.7,1112.89,3.55,44.80000000000291,3.6,44.580000000001746,0.2777777777777778,0.28169014084507044,0.9869383196487224,1.0029081642585824
222,1.122569356,10500771,2.193,361.25,11.0,349.89,11.5,321.5,12.0,12.5,367.54,13.0,132.14,13.5,148.44,,,,,0.08,0.08333333333333333,0.9869383196487224,1.0029081642585824
223,1.122569356,9857326,2.193,81.07,36.0,97.05,38.0,14.06,40.0,42.0,123.28,44.0,57.89,46.0,24.84,,,,,0.023809523809523808,0.025,0.9869383196487224,1.0029081642585824
224,1.122569356,9150589,2.193,110.25,48.0,108.89,50.0,30.25,55.0,60.0,88.45,65.0,27.03,70.0,25.57,,,,,0.016666666666666666,0.01818181818181818,0.9869383196487224,1.0029081642585824
225,1.122569356,9644271,2.193,6.79,190.0,10.5,200.0,1.2,220.0,230.0,0.01,240.0,7.21,250.0,48.54,230.0,4.0,230.0,4.0,0.004347826086956522,0.004545454545454545,0.9869383196487224,1.0029081642585824
226,1.122569356,10547981,2.193,1.37,530.0,3.21,560.0,0.35,570.0,680.0,1.86,690.0,2.47,700.0,0.93,,,,,0.0014705882352941176,0.0017543859649122807,0.9869383196487224,1.0029081642585824
227,1.122569356,10612424,2.193,3.47,910.0,1.35,920.0,1.54,980.0,,,,,,,,,,,,0.0010204081632653062,0.9869383196487224,1.0029081642585824
228,1.122569356,10586419,2.193,0.15,590.0,0.67,620.0,7.13,630.0,680.0,1.74,690.0,2.94,700.0,3.33,,,,,0.0014705882352941176,0.0015873015873015873,0.9869383196487224,1.0029081642585824
229,1.122569356,10562718,2.193,0.6,920.0,2.0,990.0,28.81,1000.0,,,,,,,1000.0,9.740000000000009,1000.0,9.740000000000009,,0.001,0.9869383196487224,1.0029081642585824
230,1.122569356,10586424,1.189,1556.68,1.7,682.33,1.71,1101.08,1.72,1.73,1686.15,1.74,947.99,1.75,567.28,1.71,348.2399999999907,1.73,3.2999999999956344,0.5780346820809249,0.5813953488372093,0.9887528824256572,1.0054697556334204
231,1.122569356,9342040,1.189,1058.78,3.4,1373.83,3.45,1390.02,3.5,3.55,49.4,3.6,630.2,3.65,395.86,3.55,1195.9000000000015,3.6,376.0,0.28169014084507044,0.2857142857142857,0.9887528824256572,1.0054697556334204
232,1.122569356,10500771,1.189,361.25,11.0,349.89,11.5,60.5,12.0,12.5,362.27,13.0,132.14,13.5,148.44,12.0,500.0700000000006,12.5,6.539999999999964,0.08,0.08333333333333333,0.9887528824256572,1.0054697556334204
233,1.122569356,9857326,1.189,32.12,34.0,73.57,36.0,97.05,38.0,40.0,62.26,42.0,123.28,44.0,57.89,40.0,21.5300000000002,40.0,21.5300000000002,0.025,0.02631578947368421,0.9887528824256572,1.0054697556334204
234,1.122569356,9150589,1.189,110.25,48.0,103.79,50.0,23.3,55.0,60.0,96.42,65.0,27.03,70.0,25.57,55.0,9.110000000000014,55.0,9.110000000000014,0.016666666666666666,0.01818181818181818,0.9887528824256572,1.0054697556334204
235,1.122569356,9644271,1.189,3.71,180.0,6.79,190.0,10.5,200.0,240.0,7.21,250.0,48.54,270.0,0.93,220.0,1.2000000000000002,220.0,1.2000000000000002,0.004166666666666667,0.005,0.9887528824256572,1.0054697556334204
236,1.122569356,10547981,1.189,1.37,530.0,3.09,560.0,0.24,570.0,680.0,1.86,690.0,2.47,700.0,0.93,,,,,0.0014705882352941176,0.0017543859649122807,0.9887528824256572,1.0054697556334204
237,1.122569356,10612424,1.189,1.35,920.0,0.14,930.0,1.27,980.0,,,,,,,,,,,,0.0010204081632653062,0.9887528824256572,1.0054697556334204
238,1.122569356,10586419,1.189,9.03,550.0,13.41,560.0,18.54,570.0,580.0,3.7,680.0,1.74,690.0,2.94,580.0,6.659999999999999,630.0,14.279999999999998,0.0017241379310344827,0.0017543859649122807,0.9887528824256572,1.0054697556334204
239,1.122569356,10562718,1.189,0.6,920.0,2.0,990.0,28.55,1000.0,,,,,,,,,,,,0.001,0.9887528824256572,1.0054697556334204
240,1.122569356,10586424,0.185,1581.83,1.7,838.98,1.71,779.19,1.72,1.73,1544.57,1.74,955.17,1.75,779.39,1.72,2418.959999999999,1.73,10.0,0.5780346820809249,0.5813953488372093,0.9846308678189016,1.0050385511361242
241,1.122569356,9342040,0.185,1373.83,3.45,952.86,3.5,56.56,3.55,3.6,518.72,3.65,413.85,3.7,1101.48,3.5,2.0,3.6,555.5,0.2777777777777778,0.28169014084507044,0.9846308678189016,1.0050385511361242
242,1.122569356,10500771,0.185,285.84,10.5,363.31,11.0,333.33,11.5,12.5,362.27,13.0,132.14,13.5,150.44,11.5,25.120000000000346,12.0,133.0099999999993,0.08,0.08695652173913043,0.9846308678189016,1.0050385511361242
243,1.122569356,9857326,0.185,37.12,34.0,73.57,36.0,85.05,38.0,40.0,62.26,42.0,123.28,44.0,57.89,,,,,0.025,0.02631578947368421,0.9846308678189016,1.0050385511361242
244,1.122569356,9150589,0.185,110.25,48.0,103.79,50.0,11.95,55.0,60.0,96.42,65.0,27.03,70.0,25.57,55.0,22.699999999999932,55.0,22.699999999999932,0.016666666666666666,0.01818181818181818,0.9846308678189016,1.0050385511361242
245,1.122569356,9644271,0.185,3.71,180.0,6.79,190.0,5.64,200.0,240.0,17.97,250.0,48.54,270.0,0.93,200.0,9.71,200.0,9.71,0.004166666666666667,0.005,0.9846308678189016,1.0050385511361242
246,1.122569356,10547981,0.185,1.37,530.0,3.09,560.0,0.24,570.0,670.0,2.47,680.0,1.86,690.0,2.47,,,,,0.0014925373134328358,0.0017543859649122807,0.9846308678189016,1.0050385511361242
247,1.122569356,10612424,0.185,1.35,920.0,0.14,930.0,1.27,980.0,,,,,,,,,,,,0.0010204081632653062,0.9846308678189016,1.0050385511361242
248,1.122569356,10586419,0.185,13.41,560.0,18.54,570.0,10.86,580.0,670.0,3.33,680.0,1.74,690.0,2.94,580.0,7.420000000000002,580.0,7.420000000000002,0.0014925373134328358,0.0017241379310344827,0.9846308678189016,1.0050385511361242
249,1.122569356,10562718,0.185,0.6,920.0,2.0,990.0,28.69,1000.0,,,,,,,,,,,,0.001,0.9846308678189016,1.0050385511361242
